{"stats":{"minecraft:dropped":{"minecraft:shield":1,"minecraft:pink_bed":1,"minecraft:tnt":1,"l2complements:totem_of_dream":1,"minecraft:iron_chestplate":4,"minecraft:cobblestone":2,"minecraft:cat_spawn_egg":1,"minecraft:iron_leggings":4,"minecraft:iron_boots":3,"minecraft:iron_axe":1},"minecraft:killed_by":{"minecraft:player":1},"minecraft:used":{"minecraft:netherite_sword":29,"minecraft:diorite":5,"minecraft:netherite_shovel":3,"minecraft:cat_spawn_egg":53,"minecraft:pink_bed":6,"minecraft:torch":15,"minecraft:diamond_sword":13,"minecraft:cobblestone":43,"minecraft:tnt":17,"minecraft:sponge":11},"minecraft:killed":{"minecraft:cat":3},"minecraft:custom":{"minecraft:time_since_rest":17277,"minecraft:damage_taken":260,"minecraft:walk_one_cm":72880,"minecraft:mob_kills":3,"minecraft:drop":19,"minecraft:damage_dealt":1586,"minecraft:swim_one_cm":148,"minecraft:fly_one_cm":15795,"minecraft:crouch_one_cm":2,"minecraft:play_time":40443,"minecraft:deaths":1,"minecraft:sneak_time":127,"minecraft:walk_under_water_one_cm":10474,"minecraft:jump":63,"minecraft:leave_game":1,"minecraft:walk_on_water_one_cm":18899,"minecraft:time_since_death":39992,"minecraft:sleep_in_bed":3,"minecraft:total_world_time":40443},"minecraft:picked_up":{"minecraft:sponge":1,"minecraft:pink_bed":1,"minecraft:iron_chestplate":5,"l2complements:totem_of_dream":2,"minecraft:torch":64,"minecraft:diorite":16,"minecraft:shield":2,"minecraft:dirt":42,"minecraft:string":11,"minecraft:raw_copper":4,"minecraft:iron_axe":2,"minecraft:cat_spawn_egg":1,"minecraft:tnt":1,"minecraft:iron_leggings":5,"minecraft:rotten_flesh":1,"minecraft:netherite_sword":1,"minecraft:enchanted_golden_apple":32,"minecraft:cobblestone":28,"minecraft:iron_boots":4}},"DataVersion":3465}