{"stats":{"minecraft:dropped":{"minecraft:iron_leggings":4,"minecraft:iron_boots":3,"minecraft:shield":1,"minecraft:iron_axe":1,"minecraft:pink_bed":1,"l2complements:totem_of_dream":1,"minecraft:tnt":1,"minecraft:iron_chestplate":4,"minecraft:cat_spawn_egg":1},"minecraft:picked_up":{"minecraft:iron_axe":2,"minecraft:pink_bed":1,"minecraft:iron_chestplate":5,"minecraft:iron_leggings":5,"minecraft:rotten_flesh":1,"l2complements:totem_of_dream":2,"minecraft:torch":64,"minecraft:netherite_sword":1,"minecraft:shield":2,"minecraft:enchanted_golden_apple":32,"minecraft:string":11,"minecraft:cat_spawn_egg":1,"minecraft:iron_boots":4,"minecraft:tnt":1},"minecraft:killed_by":{"minecraft:player":1},"minecraft:killed":{"minecraft:cat":3},"minecraft:used":{"minecraft:netherite_sword":29,"minecraft:pink_bed":6,"minecraft:diamond_sword":9,"minecraft:netherite_shovel":3,"minecraft:tnt":2,"minecraft:cat_spawn_egg":53},"minecraft:custom":{"minecraft:time_since_rest":2522,"minecraft:crouch_one_cm":2,"minecraft:walk_one_cm":64570,"minecraft:play_time":25688,"minecraft:damage_taken":260,"minecraft:deaths":1,"minecraft:mob_kills":3,"minecraft:sneak_time":9,"minecraft:drop":17,"minecraft:jump":39,"minecraft:damage_dealt":1399,"minecraft:leave_game":1,"minecraft:time_since_death":25237,"minecraft:sleep_in_bed":3,"minecraft:total_world_time":25688,"minecraft:fly_one_cm":8481}},"DataVersion":3465}