{"stats":{"minecraft:dropped":{"minecraft:iron_leggings":1,"minecraft:iron_boots":1,"minecraft:enchanted_golden_apple":32,"minecraft:shield":1,"minecraft:iron_axe":1,"minecraft:sponge":1,"minecraft:torch":64,"l2complements:totem_of_dream":1,"minecraft:iron_chestplate":1,"minecraft:netherite_sword":1,"minecraft:flint_and_steel":1},"minecraft:used":{"minecraft:pink_bed":1,"minecraft:trident":6,"minecraft:cobblestone":30,"minecraft:flint_and_steel":3,"minecraft:tnt":7,"l2complements:totemic_gold_sword":8,"minecraft:cat_spawn_egg":3},"minecraft:killed":{"minecraft:cat":74,"minecraft:spider":1,"minecraft:zombie":2},"minecraft:custom":{"minecraft:time_since_rest":66500,"minecraft:crouch_one_cm":999,"minecraft:play_time":66500,"minecraft:sprint_one_cm":4105,"minecraft:walk_one_cm":23155,"minecraft:sneak_time":482,"minecraft:walk_under_water_one_cm":1305,"minecraft:mob_kills":78,"minecraft:drop":11,"minecraft:jump":145,"minecraft:damage_dealt":648,"minecraft:leave_game":4,"minecraft:walk_on_water_one_cm":2662,"minecraft:time_since_death":66500,"minecraft:total_world_time":66500,"minecraft:fall_one_cm":418,"minecraft:fly_one_cm":52445,"minecraft:player_kills":1},"minecraft:picked_up":{"minecraft:rotten_flesh":4,"minecraft:cobblestone":34,"minecraft:string":6}},"DataVersion":3465}