{"stats":{"minecraft:picked_up":{"minecraft:rotten_flesh":4,"minecraft:string":6},"minecraft:dropped":{"minecraft:iron_leggings":1,"minecraft:iron_boots":1,"minecraft:enchanted_golden_apple":32,"minecraft:shield":1,"minecraft:iron_axe":1,"minecraft:torch":64,"l2complements:totem_of_dream":1,"minecraft:iron_chestplate":1,"minecraft:netherite_sword":1},"minecraft:killed":{"minecraft:cat":74,"minecraft:spider":1,"minecraft:zombie":2},"minecraft:used":{"minecraft:pink_bed":1,"l2complements:totemic_gold_sword":8,"minecraft:cat_spawn_egg":3},"minecraft:custom":{"minecraft:time_since_rest":44955,"minecraft:crouch_one_cm":539,"minecraft:play_time":44955,"minecraft:sprint_one_cm":2929,"minecraft:walk_one_cm":12903,"minecraft:sneak_time":296,"minecraft:mob_kills":78,"minecraft:drop":9,"minecraft:jump":71,"minecraft:damage_dealt":648,"minecraft:leave_game":3,"minecraft:time_since_death":44955,"minecraft:total_world_time":44955,"minecraft:fall_one_cm":418,"minecraft:fly_one_cm":43584,"minecraft:player_kills":1}},"DataVersion":3465}