{
  "minecraft:recipes/decorations/crafting_table": {
    "criteria": {
      "unlock_right_away": "2024-05-14 17:14:59 +0000"
    },
    "done": true
  },
  "minecraft:adventure/adventuring_time": {
    "criteria": {
      "minecraft:frozen_river": "2024-05-14 18:14:52 +0000",
      "minecraft:snowy_plains": "2024-05-14 17:15:01 +0000"
    },
    "done": false
  },
  "minecraft:adventure/root": {
    "criteria": {
      "killed_something": "2024-05-14 17:17:56 +0000"
    },
    "done": true
  },
  "minecraft:recipes/combat/bow": {
    "criteria": {
      "has_string": "2024-05-14 17:17:58 +0000"
    },
    "done": true
  },
  "minecraft:recipes/tools/fishing_rod": {
    "criteria": {
      "has_string": "2024-05-14 17:17:58 +0000"
    },
    "done": true
  },
  "minecraft:recipes/redstone/tripwire_hook": {
    "criteria": {
      "has_string": "2024-05-14 17:17:58 +0000"
    },
    "done": true
  },
  "minecraft:recipes/decorations/candle": {
    "criteria": {
      "has_string": "2024-05-14 17:17:58 +0000"
    },
    "done": true
  },
  "minecraft:recipes/building_blocks/white_wool_from_string": {
    "criteria": {
      "has_string": "2024-05-14 17:17:58 +0000"
    },
    "done": true
  },
  "minecraft:recipes/combat/crossbow": {
    "criteria": {
      "has_string": "2024-05-14 17:17:58 +0000"
    },
    "done": true
  },
  "minecraft:recipes/decorations/loom": {
    "criteria": {
      "has_string": "2024-05-14 17:17:58 +0000"
    },
    "done": true
  },
  "l2complements:recipes/combat/generated_tools/totemic_gold/craft/totemic_gold_sword": {
    "criteria": {
      "has_totemic_gold_sword": "2024-05-14 17:27:40 +0000"
    },
    "done": true
  },
  "l2complements:recipes/misc/generated_tools/totemic_gold/recycle/totemic_gold_sword": {
    "criteria": {
      "has_totemic_gold_sword": "2024-05-14 17:27:40 +0000"
    },
    "done": true
  },
  "l2hostility:recipes/misc/bottle_of_sanity_craft": {
    "criteria": {
      "has_hostility_orb": "2024-05-14 17:27:53 +0000"
    },
    "done": true
  },
  "l2hostility:hostility/patchouli": {
    "criteria": {
      "0": "2024-05-14 17:27:53 +0000"
    },
    "done": true
  },
  "minecraft:adventure/kill_all_mobs": {
    "criteria": {
      "minecraft:spider": "2024-05-14 17:28:09 +0000",
      "minecraft:zombie": "2024-05-14 17:27:53 +0000"
    },
    "done": false
  },
  "minecraft:adventure/kill_a_mob": {
    "criteria": {
      "minecraft:zombie": "2024-05-14 17:27:53 +0000"
    },
    "done": true
  },
  "l2hostility:hostility/root": {
    "criteria": {
      "0": "2024-05-14 17:27:53 +0000"
    },
    "done": true
  },
  "l2hostility:recipes/misc/chaos_ingot": {
    "criteria": {
      "has_hostility_orb": "2024-05-14 17:27:53 +0000"
    },
    "done": true
  },
  "l2complements:recipes/burnt/burnt/rotten_flesh": {
    "criteria": {
      "has_rotten_flesh": "2024-05-14 17:27:54 +0000"
    },
    "done": true
  },
  "minecraft:recipes/misc/mojang_banner_pattern": {
    "criteria": {
      "has_enchanted_golden_apple": "2024-05-14 17:29:55 +0000"
    },
    "done": true
  },
  "l2hostility:hostility/lust": {
    "criteria": {
      "0": "2024-05-14 17:46:10 +0000"
    },
    "done": true
  },
  "l2complements:recipes/enchantments/enchantments/life_sync": {
    "criteria": {
      "has_force_field": "2024-05-14 18:15:08 +0000"
    },
    "done": true
  },
  "l2complements:recipes/enchantments/enchantments/projectile_reject": {
    "criteria": {
      "has_force_field": "2024-05-14 18:15:08 +0000"
    },
    "done": true
  },
  "tombstone:adventure/root": {
    "criteria": {
      "auto": "2024-05-14 18:30:41 +0000"
    },
    "done": true
  },
  "l2complements:recipes/misc/craft/trident": {
    "criteria": {
      "has_trident": "2024-05-14 18:31:55 +0000"
    },
    "done": true
  },
  "minecraft:adventure/throw_trident": {
    "criteria": {
      "shot_trident": "2024-05-14 18:32:14 +0000"
    },
    "done": true
  },
  "minecraft:recipes/transportation/cherry_boat": {
    "criteria": {
      "in_water": "2024-05-14 18:38:08 +0000"
    },
    "done": true
  },
  "minecraft:recipes/transportation/bamboo_raft": {
    "criteria": {
      "in_water": "2024-05-14 18:38:08 +0000"
    },
    "done": true
  },
  "minecraft:recipes/transportation/spruce_boat": {
    "criteria": {
      "in_water": "2024-05-14 18:38:08 +0000"
    },
    "done": true
  },
  "minecraft:recipes/transportation/birch_boat": {
    "criteria": {
      "in_water": "2024-05-14 18:38:08 +0000"
    },
    "done": true
  },
  "minecraft:recipes/transportation/oak_boat": {
    "criteria": {
      "in_water": "2024-05-14 18:38:08 +0000"
    },
    "done": true
  },
  "minecraft:recipes/transportation/mangrove_boat": {
    "criteria": {
      "in_water": "2024-05-14 18:38:08 +0000"
    },
    "done": true
  },
  "minecraft:recipes/transportation/acacia_boat": {
    "criteria": {
      "in_water": "2024-05-14 18:38:08 +0000"
    },
    "done": true
  },
  "minecraft:recipes/transportation/jungle_boat": {
    "criteria": {
      "in_water": "2024-05-14 18:38:08 +0000"
    },
    "done": true
  },
  "minecraft:recipes/transportation/dark_oak_boat": {
    "criteria": {
      "in_water": "2024-05-14 18:38:08 +0000"
    },
    "done": true
  },
  "minecraft:recipes/redstone/lever": {
    "criteria": {
      "has_cobblestone": "2024-05-14 18:38:57 +0000"
    },
    "done": true
  },
  "minecraft:recipes/combat/stone_sword": {
    "criteria": {
      "has_cobblestone": "2024-05-14 18:38:57 +0000"
    },
    "done": true
  },
  "minecraft:recipes/decorations/cobblestone_wall": {
    "criteria": {
      "has_cobblestone": "2024-05-14 18:38:57 +0000"
    },
    "done": true
  },
  "minecraft:recipes/tools/stone_axe": {
    "criteria": {
      "has_cobblestone": "2024-05-14 18:38:57 +0000"
    },
    "done": true
  },
  "minecraft:story/mine_stone": {
    "criteria": {
      "get_stone": "2024-05-14 18:38:57 +0000"
    },
    "done": true
  },
  "minecraft:recipes/decorations/furnace": {
    "criteria": {
      "has_cobblestone": "2024-05-14 18:38:57 +0000"
    },
    "done": true
  },
  "minecraft:recipes/building_blocks/cobblestone_slab_from_cobblestone_stonecutting": {
    "criteria": {
      "has_cobblestone": "2024-05-14 18:38:57 +0000"
    },
    "done": true
  },
  "minecraft:recipes/building_blocks/stone": {
    "criteria": {
      "has_cobblestone": "2024-05-14 18:38:57 +0000"
    },
    "done": true
  },
  "minecraft:recipes/tools/stone_pickaxe": {
    "criteria": {
      "has_cobblestone": "2024-05-14 18:38:57 +0000"
    },
    "done": true
  },
  "minecraft:recipes/building_blocks/cobblestone_slab": {
    "criteria": {
      "has_cobblestone": "2024-05-14 18:38:57 +0000"
    },
    "done": true
  },
  "minecraft:recipes/decorations/cobblestone_wall_from_cobblestone_stonecutting": {
    "criteria": {
      "has_cobblestone": "2024-05-14 18:38:57 +0000"
    },
    "done": true
  },
  "minecraft:recipes/building_blocks/cobblestone_stairs_from_cobblestone_stonecutting": {
    "criteria": {
      "has_cobblestone": "2024-05-14 18:38:57 +0000"
    },
    "done": true
  },
  "minecraft:recipes/building_blocks/cobblestone_stairs": {
    "criteria": {
      "has_cobblestone": "2024-05-14 18:38:57 +0000"
    },
    "done": true
  },
  "minecraft:recipes/tools/stone_hoe": {
    "criteria": {
      "has_cobblestone": "2024-05-14 18:38:57 +0000"
    },
    "done": true
  },
  "minecraft:recipes/tools/stone_shovel": {
    "criteria": {
      "has_cobblestone": "2024-05-14 18:38:57 +0000"
    },
    "done": true
  },
  "l2complements:recipes/misc/generated_tools/sculkium/recycle/sculkium_helmet": {
    "criteria": {
      "has_sculkium_helmet": "2024-05-14 18:42:22 +0000"
    },
    "done": true
  },
  "l2complements:recipes/combat/generated_tools/sculkium/craft/sculkium_helmet": {
    "criteria": {
      "has_sculkium_helmet": "2024-05-14 18:42:22 +0000"
    },
    "done": true
  },
  "l2complements:recipes/misc/generated_tools/sculkium/recycle/sculkium_chestplate": {
    "criteria": {
      "has_sculkium_chestplate": "2024-05-14 18:42:24 +0000"
    },
    "done": true
  },
  "l2complements:recipes/combat/generated_tools/sculkium/craft/sculkium_chestplate": {
    "criteria": {
      "has_sculkium_chestplate": "2024-05-14 18:42:24 +0000"
    },
    "done": true
  },
  "l2complements:recipes/misc/generated_tools/sculkium/recycle/sculkium_leggings": {
    "criteria": {
      "has_sculkium_leggings": "2024-05-14 18:42:25 +0000"
    },
    "done": true
  },
  "l2complements:recipes/combat/generated_tools/sculkium/craft/sculkium_leggings": {
    "criteria": {
      "has_sculkium_leggings": "2024-05-14 18:42:25 +0000"
    },
    "done": true
  },
  "l2complements:recipes/misc/generated_tools/sculkium/recycle/sculkium_boots": {
    "criteria": {
      "has_sculkium_boots": "2024-05-14 18:42:27 +0000"
    },
    "done": true
  },
  "l2complements:recipes/combat/generated_tools/sculkium/craft/sculkium_boots": {
    "criteria": {
      "has_sculkium_boots": "2024-05-14 18:42:27 +0000"
    },
    "done": true
  },
  "l2complements:recipes/misc/generated_tools/sculkium/recycle/sculkium_sword": {
    "criteria": {
      "has_sculkium_sword": "2024-05-14 18:42:32 +0000"
    },
    "done": true
  },
  "l2complements:recipes/combat/generated_tools/sculkium/craft/sculkium_sword": {
    "criteria": {
      "has_sculkium_sword": "2024-05-14 18:42:32 +0000"
    },
    "done": true
  },
  "DataVersion": 3465
}