{
  "minecraft:recipes/decorations/crafting_table": {
    "criteria": {
      "unlock_right_away": "2024-05-14 17:14:59 +0000"
    },
    "done": true
  },
  "minecraft:adventure/adventuring_time": {
    "criteria": {
      "minecraft:frozen_river": "2024-05-14 18:14:52 +0000",
      "minecraft:snowy_plains": "2024-05-14 17:15:01 +0000"
    },
    "done": false
  },
  "minecraft:adventure/root": {
    "criteria": {
      "killed_something": "2024-05-14 17:17:56 +0000"
    },
    "done": true
  },
  "minecraft:recipes/combat/bow": {
    "criteria": {
      "has_string": "2024-05-14 17:17:58 +0000"
    },
    "done": true
  },
  "minecraft:recipes/tools/fishing_rod": {
    "criteria": {
      "has_string": "2024-05-14 17:17:58 +0000"
    },
    "done": true
  },
  "minecraft:recipes/redstone/tripwire_hook": {
    "criteria": {
      "has_string": "2024-05-14 17:17:58 +0000"
    },
    "done": true
  },
  "minecraft:recipes/decorations/candle": {
    "criteria": {
      "has_string": "2024-05-14 17:17:58 +0000"
    },
    "done": true
  },
  "minecraft:recipes/building_blocks/white_wool_from_string": {
    "criteria": {
      "has_string": "2024-05-14 17:17:58 +0000"
    },
    "done": true
  },
  "minecraft:recipes/combat/crossbow": {
    "criteria": {
      "has_string": "2024-05-14 17:17:58 +0000"
    },
    "done": true
  },
  "minecraft:recipes/decorations/loom": {
    "criteria": {
      "has_string": "2024-05-14 17:17:58 +0000"
    },
    "done": true
  },
  "l2complements:recipes/combat/generated_tools/totemic_gold/craft/totemic_gold_sword": {
    "criteria": {
      "has_totemic_gold_sword": "2024-05-14 17:27:40 +0000"
    },
    "done": true
  },
  "l2complements:recipes/misc/generated_tools/totemic_gold/recycle/totemic_gold_sword": {
    "criteria": {
      "has_totemic_gold_sword": "2024-05-14 17:27:40 +0000"
    },
    "done": true
  },
  "l2hostility:recipes/misc/bottle_of_sanity_craft": {
    "criteria": {
      "has_hostility_orb": "2024-05-14 17:27:53 +0000"
    },
    "done": true
  },
  "l2hostility:hostility/patchouli": {
    "criteria": {
      "0": "2024-05-14 17:27:53 +0000"
    },
    "done": true
  },
  "minecraft:adventure/kill_all_mobs": {
    "criteria": {
      "minecraft:spider": "2024-05-14 17:28:09 +0000",
      "minecraft:zombie": "2024-05-14 17:27:53 +0000"
    },
    "done": false
  },
  "minecraft:adventure/kill_a_mob": {
    "criteria": {
      "minecraft:zombie": "2024-05-14 17:27:53 +0000"
    },
    "done": true
  },
  "l2hostility:hostility/root": {
    "criteria": {
      "0": "2024-05-14 17:27:53 +0000"
    },
    "done": true
  },
  "l2hostility:recipes/misc/chaos_ingot": {
    "criteria": {
      "has_hostility_orb": "2024-05-14 17:27:53 +0000"
    },
    "done": true
  },
  "l2complements:recipes/burnt/burnt/rotten_flesh": {
    "criteria": {
      "has_rotten_flesh": "2024-05-14 17:27:54 +0000"
    },
    "done": true
  },
  "minecraft:recipes/misc/mojang_banner_pattern": {
    "criteria": {
      "has_enchanted_golden_apple": "2024-05-14 17:29:55 +0000"
    },
    "done": true
  },
  "l2hostility:hostility/lust": {
    "criteria": {
      "0": "2024-05-14 17:46:10 +0000"
    },
    "done": true
  },
  "l2complements:recipes/enchantments/enchantments/life_sync": {
    "criteria": {
      "has_force_field": "2024-05-14 18:15:08 +0000"
    },
    "done": true
  },
  "l2complements:recipes/enchantments/enchantments/projectile_reject": {
    "criteria": {
      "has_force_field": "2024-05-14 18:15:08 +0000"
    },
    "done": true
  },
  "DataVersion": 3465
}